,n_users,n_items,n_inter,sparsity,kg_entities,kg_relations,kg_triples,kg_items,cpu_cores,ram_size,is_gpu,model_name,model_type,emissions
0,19841,42457,900212,0.9989313587429705,50665,5,46827,816701,4,27.40580368041992,1.0,BPR,general,0.0216764692531886
1,19841,42457,900212,0.9989313587429705,50665,5,46827,816701,4,27.40580368041992,1.0,CFKG,knowledge,0.0062188135414593
2,19841,42457,900212,0.9989313587429705,50665,5,46827,816701,4,27.40580368041992,1.0,CKE,knowledge,0.0154771129904284
3,19841,42457,900212,0.9989313587429705,50665,5,46827,816701,4,27.40580368041992,1.0,DMF,general,0.0108779316340237
4,19841,42457,900212,0.9989313587429705,50665,5,46827,816701,4,27.40580368041992,1.0,ItemKNN,general,0.0066549795939184
5,19841,42457,900212,0.9989313587429705,50665,5,46827,816701,4,27.40580368041992,1.0,KGCN,knowledge,0.0276703209113942
6,19841,42457,900212,0.9989313587429705,50665,5,46827,816701,4,27.40580368041992,1.0,KGNNLS,knowledge,0.0282894337182364
7,19841,42457,900212,0.9989313587429705,50665,5,46827,816701,4,27.40580368041992,1.0,LINE,general,0.0070835907994264
8,19841,42457,900212,0.9989313587429705,50665,5,46827,816701,4,27.40580368041992,1.0,LightGCN,general,0.0853914034323417
9,19841,42457,900212,0.9989313587429705,50665,5,46827,816701,4,27.40580368041992,1.0,MultiDAE,general,0.0327208654957679
10,19841,42457,900212,0.9989313587429705,50665,5,46827,816701,4,27.40580368041992,1.0,NGCF,general,0.0493834832664526
11,19841,42457,900212,0.9989313587429705,50665,5,46827,816701,4,27.40580368041992,1.0,RippleNet,knowledge,0.0219332975927383
12,19841,24878,218457,0.9995574249320202,32907,5,29822,816701,4,27.40580368041992,1.0,BPR,general,0.0037236591835032
13,19841,24878,218457,0.9995574249320202,32907,5,29822,816701,4,27.40580368041992,1.0,CFKG,knowledge,0.0030457506827599
14,19841,24878,218457,0.9995574249320202,32907,5,29822,816701,4,27.40580368041992,1.0,CKE,knowledge,0.0045667146401967
15,19841,24878,218457,0.9995574249320202,32907,5,29822,816701,4,27.40580368041992,1.0,DGCF,general,0.039491628418431
16,19841,24878,218457,0.9995574249320202,32907,5,29822,816701,4,27.40580368041992,1.0,DMF,general,0.0047889203610706
17,19841,24878,218457,0.9995574249320202,32907,5,29822,816701,4,27.40580368041992,1.0,ItemKNN,general,0.0018916251934394
18,19841,24878,218457,0.9995574249320202,32907,5,29822,816701,4,27.40580368041992,1.0,KGCN,knowledge,0.0099333789117285
19,19841,24878,218457,0.9995574249320202,32907,5,29822,816701,4,27.40580368041992,1.0,KGNNLS,knowledge,0.0101843961259433
20,19841,24878,218457,0.9995574249320202,32907,5,29822,816701,4,27.40580368041992,1.0,LINE,general,0.0032210421999563
21,19841,24878,218457,0.9995574249320202,32907,5,29822,816701,4,27.40580368041992,1.0,LightGCN,general,0.0166605691742945
22,19841,24878,218457,0.9995574249320202,32907,5,29822,816701,4,27.40580368041992,1.0,MultiDAE,general,0.0086460364043928
23,19841,24878,218457,0.9995574249320202,32907,5,29822,816701,4,27.40580368041992,1.0,NGCF,general,0.0122095916401179
24,19841,24878,218457,0.9995574249320202,32907,5,29822,816701,4,27.40580368041992,1.0,RippleNet,knowledge,0.0045534510547537
25,19841,33653,440620,0.9993401019218888,42031,5,38491,816701,4,27.40580368041992,1.0,BPR,general,0.0154964349140645
26,19841,33653,440620,0.9993401019218888,42031,5,38491,816701,4,27.40580368041992,1.0,CFKG,knowledge,0.0049779607209721
27,19841,33653,440620,0.9993401019218888,42031,5,38491,816701,4,27.40580368041992,1.0,CKE,knowledge,0.0108744977912786
28,19841,33653,440620,0.9993401019218888,42031,5,38491,816701,4,27.40580368041992,1.0,DMF,general,0.0117515956530632
29,19841,33653,440620,0.9993401019218888,42031,5,38491,816701,4,27.40580368041992,1.0,ItemKNN,general,0.0038218063227739
30,19841,33653,440620,0.9993401019218888,42031,5,38491,816701,4,27.40580368041992,1.0,KGCN,knowledge,0.0221564977082574
31,19841,33653,440620,0.9993401019218888,42031,5,38491,816701,4,27.40580368041992,1.0,KGNNLS,knowledge,0.023048706757197
32,19841,33653,440620,0.9993401019218888,42031,5,38491,816701,4,27.40580368041992,1.0,LINE,general,0.004752255720214
33,19841,33653,440620,0.9993401019218888,42031,5,38491,816701,4,27.40580368041992,1.0,LightGCN,general,0.0277827587857683
34,19841,33653,440620,0.9993401019218888,42031,5,38491,816701,4,27.40580368041992,1.0,MultiDAE,general,0.016600828537284
35,19841,33653,440620,0.9993401019218888,42031,5,38491,816701,4,27.40580368041992,1.0,NGCF,general,0.0242077296131879
36,19841,33653,440620,0.9993401019218888,42031,5,38491,816701,4,27.40580368041992,1.0,RippleNet,knowledge,0.0075995506158942
37,19841,38932,667850,0.9991354130849344,47308,5,43559,816701,4,27.40580368041992,1.0,BPR,general,0.0184334662347554
38,19841,38932,667850,0.9991354130849344,47308,5,43559,816701,4,27.40580368041992,1.0,CFKG,knowledge,0.0107659617213041
39,19841,38932,667850,0.9991354130849344,47308,5,43559,816701,4,27.40580368041992,1.0,CKE,knowledge,0.0174549949993273
40,19841,38932,667850,0.9991354130849344,47308,5,43559,816701,4,27.40580368041992,1.0,DMF,general,0.0095612664395371
41,19841,38932,667850,0.9991354130849344,47308,5,43559,816701,4,27.40580368041992,1.0,ItemKNN,general,0.005500647685646
42,19841,38932,667850,0.9991354130849344,47308,5,43559,816701,4,27.40580368041992,1.0,KGCN,knowledge,0.019123605831716
43,19841,38932,667850,0.9991354130849344,47308,5,43559,816701,4,27.40580368041992,1.0,KGNNLS,knowledge,0.0195014560672233
44,19841,38932,667850,0.9991354130849344,47308,5,43559,816701,4,27.40580368041992,1.0,LINE,general,0.0073710742696559
45,19841,38932,667850,0.9991354130849344,47308,5,43559,816701,4,27.40580368041992,1.0,LightGCN,general,0.0482263431633775
46,19841,38932,667850,0.9991354130849344,47308,5,43559,816701,4,27.40580368041992,1.0,MultiDAE,general,0.0260080000769559
47,19841,38932,667850,0.9991354130849344,47308,5,43559,816701,4,27.40580368041992,1.0,NGCF,general,0.028634033941733
48,19841,38932,667850,0.9991354130849344,47308,5,43559,816701,4,27.40580368041992,1.0,RippleNet,knowledge,0.0188293212293259
49,22155,54458,1465871,0.9987850390735068,26315,16,96476,11446,12,64.0,1.0,BPR,general,0.0005367207857583
50,22155,54458,1465871,0.9987850390735068,26315,16,96476,11446,4,16.0,0.0,BPR,general,0.0201662448492619
51,22155,54458,1465871,0.9987850390735068,26315,16,96476,11446,4,27.40581512451172,1.0,BPR,general,0.0058929369021405
52,22155,54458,1465871,0.9987850390735068,26315,16,96476,11446,12,64.0,1.0,CDAE,general,0.0009126614210574
53,22155,54458,1465871,0.9987850390735068,26315,16,96476,11446,4,16.0,0.0,CDAE,general,0.0168196985574549
54,22155,54458,1465871,0.9987850390735068,26315,16,96476,11446,12,64.0,1.0,CFKG,knowledge,0.0002526435828121
55,22155,54458,1465871,0.9987850390735068,26315,16,96476,11446,4,16.0,0.0,CFKG,knowledge,0.0056754167363381
56,22155,54458,1465871,0.9987850390735068,26315,16,96476,11446,4,27.40581512451172,1.0,CFKG,knowledge,0.0044108166490797
57,22155,54458,1465871,0.9987850390735068,26315,16,96476,11446,12,64.0,1.0,CKE,knowledge,0.0001803798015141
58,22155,54458,1465871,0.9987850390735068,26315,16,96476,11446,4,27.40581512451172,1.0,CKE,knowledge,0.0038862071824239
59,22155,54458,1465871,0.9987850390735068,26315,16,96476,11446,12,64.0,1.0,DGCF,general,0.0196862357750689
60,22155,54458,1465871,0.9987850390735068,26315,16,96476,11446,12,64.0,1.0,DMF,general,0.0013374859699957
61,22155,54458,1465871,0.9987850390735068,26315,16,96476,11446,4,27.40581512451172,1.0,DMF,general,0.0092369859367674
62,22155,54458,1465871,0.9987850390735068,26315,16,96476,11446,12,64.0,1.0,DiffRec,general,0.0023442174267624
63,22155,54458,1465871,0.9987850390735068,26315,16,96476,11446,4,16.0,0.0,DiffRec,general,0.0670934470865551
64,22155,54458,1465871,0.9987850390735068,26315,16,96476,11446,12,64.0,1.0,ENMF,general,0.0007763738930177
65,22155,54458,1465871,0.9987850390735068,26315,16,96476,11446,12,64.0,1.0,FISM,general,0.0162970666822872
66,22155,54458,1465871,0.9987850390735068,26315,16,96476,11446,12,64.0,1.0,GCMC,general,0.0358992047603653
67,22155,54458,1465871,0.9987850390735068,26315,16,96476,11446,12,64.0,1.0,ItemKNN,general,9.905855081372616e-05
68,22155,54458,1465871,0.9987850390735068,26315,16,96476,11446,4,16.0,0.0,ItemKNN,general,0.0022932521547772
69,22155,54458,1465871,0.9987850390735068,26315,16,96476,11446,4,27.40581512451172,1.0,ItemKNN,general,0.0027870159540074
70,22155,54458,1465871,0.9987850390735068,26315,16,96476,11446,12,64.0,1.0,KGCN,knowledge,0.0009372854221024
71,22155,54458,1465871,0.9987850390735068,26315,16,96476,11446,4,16.0,0.0,KGCN,knowledge,0.0355986252004142
72,22155,54458,1465871,0.9987850390735068,26315,16,96476,11446,12,64.0,1.0,KGIN,knowledge,0.0002392176491056
73,22155,54458,1465871,0.9987850390735068,26315,16,96476,11446,12,64.0,1.0,KGNNLS,knowledge,0.0009555855549411
74,22155,54458,1465871,0.9987850390735068,26315,16,96476,11446,4,16.0,0.0,KGNNLS,knowledge,0.0350411977300589
75,22155,54458,1465871,0.9987850390735068,26315,16,96476,11446,4,27.40581512451172,1.0,KGNNLS,knowledge,0.0112201584202284
76,22155,54458,1465871,0.9987850390735068,26315,16,96476,11446,12,64.0,1.0,KTUP,knowledge,0.0009231066594951
77,22155,54458,1465871,0.9987850390735068,26315,16,96476,11446,4,16.0,0.0,KTUP,knowledge,0.0194335336489321
78,22155,54458,1465871,0.9987850390735068,26315,16,96476,11446,12,64.0,1.0,LDiffRec,general,0.0013168810573195
79,22155,54458,1465871,0.9987850390735068,26315,16,96476,11446,4,16.0,0.0,LDiffRec,general,0.0345312422870587
80,22155,54458,1465871,0.9987850390735068,26315,16,96476,11446,12,64.0,1.0,LINE,general,0.0006120707966868
81,22155,54458,1465871,0.9987850390735068,26315,16,96476,11446,4,16.0,0.0,LINE,general,0.0144698038415728
82,22155,54458,1465871,0.9987850390735068,26315,16,96476,11446,4,27.40581512451172,1.0,LINE,general,0.0061328005602579
83,22155,54458,1465871,0.9987850390735068,26315,16,96476,11446,12,64.0,1.0,LightGCN,general,0.0011549083218172
84,22155,54458,1465871,0.9987850390735068,26315,16,96476,11446,4,27.40581512451172,1.0,LightGCN,general,0.0114186758021715
85,22155,54458,1465871,0.9987850390735068,26315,16,96476,11446,12,64.0,1.0,MKR,knowledge,0.0049659042881306
86,22155,54458,1465871,0.9987850390735068,26315,16,96476,11446,12,64.0,1.0,MacridVAE,general,0.0084669576592317
87,22155,54458,1465871,0.9987850390735068,26315,16,96476,11446,12,64.0,1.0,MultiDAE,general,0.0012990078322335
88,22155,54458,1465871,0.9987850390735068,26315,16,96476,11446,4,16.0,0.0,MultiDAE,general,0.0355976132249227
89,22155,54458,1465871,0.9987850390735068,26315,16,96476,11446,4,27.40581512451172,1.0,MultiDAE,general,0.0109253522958754
90,22155,54458,1465871,0.9987850390735068,26315,16,96476,11446,12,64.0,1.0,MultiVAE,general,0.0013414371632985
91,22155,54458,1465871,0.9987850390735068,26315,16,96476,11446,4,16.0,0.0,MultiVAE,general,0.0359100380294934
92,22155,54458,1465871,0.9987850390735068,26315,16,96476,11446,4,16.0,0.0,NCEPLRec,general,0.0251048769079603
93,22155,54458,1465871,0.9987850390735068,26315,16,96476,11446,12,64.0,1.0,NCL,general,0.0032678283057511
94,22155,54458,1465871,0.9987850390735068,26315,16,96476,11446,12,64.0,1.0,NGCF,general,0.0019781507895759
95,22155,54458,1465871,0.9987850390735068,26315,16,96476,11446,4,16.0,0.0,NGCF,general,0.0635168898005507
96,22155,54458,1465871,0.9987850390735068,26315,16,96476,11446,12,64.0,1.0,NeuMF,general,0.0035905433098524
97,22155,54458,1465871,0.9987850390735068,26315,16,96476,11446,12,64.0,1.0,Pop,general,6.933852880450669e-05
98,22155,54458,1465871,0.9987850390735068,26315,16,96476,11446,4,16.0,0.0,Pop,general,0.0014751778143381
99,22155,54458,1465871,0.9987850390735068,26315,16,96476,11446,12,64.0,1.0,Random,general,0.0001122812597241
100,22155,54458,1465871,0.9987850390735068,26315,16,96476,11446,4,16.0,0.0,Random,general,0.0024164937124193
101,22155,54458,1465871,0.9987850390735068,26315,16,96476,11446,12,64.0,1.0,RecVAE,general,0.0014463850040022
102,22155,54458,1465871,0.9987850390735068,26315,16,96476,11446,4,16.0,0.0,RecVAE,general,0.0467017271934774
103,22155,54458,1465871,0.9987850390735068,26315,16,96476,11446,12,64.0,1.0,RippleNet,knowledge,0.0030824563466909
104,22155,54458,1465871,0.9987850390735068,26315,16,96476,11446,12,64.0,1.0,SGL,general,0.0051321715977396
105,22155,54458,1465871,0.9987850390735068,26315,16,96476,11446,4,16.0,0.0,SLIMElastic,general,0.0678963525649027
106,22155,54458,1465871,0.9987850390735068,26315,16,96476,11446,12,64.0,1.0,SimpleX,general,0.0007219202109157
107,22155,54458,1465871,0.9987850390735068,26315,16,96476,11446,4,16.0,0.0,SimpleX,general,0.0241743645213969
108,22155,54458,1465871,0.9987850390735068,26315,16,96476,11446,12,64.0,1.0,SpectralCF,general,0.0020217110024444
109,22155,54458,1465871,0.9987850390735068,26315,16,96476,11446,4,16.0,0.0,SpectralCF,general,0.0617854455913234
110,22155,54458,1465871,0.9987850390735068,26315,16,96476,11446,4,27.40581512451172,1.0,SpectralCF,general,0.0188609790246724
111,23679,4414,1048575,0.9899676237184808,0,0,0,0,12,64.0,1.0,BPR,general,7.977085378336526e-05
112,23679,4414,1048575,0.9899676237184808,0,0,0,0,4,16.0,0.0,BPR,general,0.0026787795477819
113,23679,4414,1048575,0.9899676237184808,0,0,0,0,4,27.40581512451172,1.0,BPR,general,0.0041618573394687
114,23679,4414,1048575,0.9899676237184808,0,0,0,0,12,64.0,1.0,CDAE,general,8.848146536599675e-05
115,23679,4414,1048575,0.9899676237184808,0,0,0,0,4,16.0,0.0,CDAE,general,0.003052179671739
116,23679,4414,1048575,0.9899676237184808,0,0,0,0,12,64.0,1.0,DGCF,general,0.0092049387136031
117,23679,4414,1048575,0.9899676237184808,0,0,0,0,12,64.0,1.0,DMF,general,0.0007617200296219
118,23679,4414,1048575,0.9899676237184808,0,0,0,0,4,16.0,0.0,DMF,general,0.0423661550989419
119,23679,4414,1048575,0.9899676237184808,0,0,0,0,4,27.40581512451172,1.0,DMF,general,0.0064116293833459
120,23679,4414,1048575,0.9899676237184808,0,0,0,0,12,64.0,1.0,DiffRec,general,0.0001443762335306
121,23679,4414,1048575,0.9899676237184808,0,0,0,0,4,16.0,0.0,DiffRec,general,0.0088677873473297
122,23679,4414,1048575,0.9899676237184808,0,0,0,0,12,64.0,1.0,EASE,general,1.9577037621992577e-05
123,23679,4414,1048575,0.9899676237184808,0,0,0,0,12,64.0,1.0,ENMF,general,0.0001376672416609
124,23679,4414,1048575,0.9899676237184808,0,0,0,0,12,64.0,1.0,FISM,general,0.0020990279270939
125,23679,4414,1048575,0.9899676237184808,0,0,0,0,4,27.40581512451172,1.0,FISM,general,0.0074694619856663
126,23679,4414,1048575,0.9899676237184808,0,0,0,0,12,64.0,1.0,GCMC,general,0.0177156633666317
127,23679,4414,1048575,0.9899676237184808,0,0,0,0,12,64.0,1.0,ItemKNN,general,3.871514623914284e-05
128,23679,4414,1048575,0.9899676237184808,0,0,0,0,4,16.0,0.0,ItemKNN,general,0.0011261784382112
129,23679,4414,1048575,0.9899676237184808,0,0,0,0,4,27.40581512451172,1.0,ItemKNN,general,0.0018450154117831
130,23679,4414,1048575,0.9899676237184808,0,0,0,0,12,64.0,1.0,LDiffRec,general,0.0001472767564398
131,23679,4414,1048575,0.9899676237184808,0,0,0,0,4,16.0,0.0,LDiffRec,general,0.0072798900224974
132,23679,4414,1048575,0.9899676237184808,0,0,0,0,12,64.0,1.0,LINE,general,0.0001047998193887
133,23679,4414,1048575,0.9899676237184808,0,0,0,0,4,16.0,0.0,LINE,general,0.0027685675433214
134,23679,4414,1048575,0.9899676237184808,0,0,0,0,4,27.40581512451172,1.0,LINE,general,0.0042534107400712
135,23679,4414,1048575,0.9899676237184808,0,0,0,0,12,64.0,1.0,LightGCN,general,0.0003404822486658
136,23679,4414,1048575,0.9899676237184808,0,0,0,0,4,27.40581512451172,1.0,LightGCN,general,0.0064174894137765
137,23679,4414,1048575,0.9899676237184808,0,0,0,0,12,64.0,1.0,MacridVAE,general,0.0006371669267299
138,23679,4414,1048575,0.9899676237184808,0,0,0,0,12,64.0,1.0,MultiDAE,general,0.0001548144648119
139,23679,4414,1048575,0.9899676237184808,0,0,0,0,4,16.0,0.0,MultiDAE,general,0.0057552831381271
140,23679,4414,1048575,0.9899676237184808,0,0,0,0,4,27.40581512451172,1.0,MultiDAE,general,0.0048342699904592
141,23679,4414,1048575,0.9899676237184808,0,0,0,0,12,64.0,1.0,MultiVAE,general,0.0001265961846357
142,23679,4414,1048575,0.9899676237184808,0,0,0,0,4,16.0,0.0,MultiVAE,general,0.0072346505720953
143,23679,4414,1048575,0.9899676237184808,0,0,0,0,12,64.0,1.0,NAIS,general,0.0043848849608909
144,23679,4414,1048575,0.9899676237184808,0,0,0,0,12,64.0,1.0,NCEPLRec,general,0.0001036832091119
145,23679,4414,1048575,0.9899676237184808,0,0,0,0,4,16.0,0.0,NCEPLRec,general,0.0034725985503363
146,23679,4414,1048575,0.9899676237184808,0,0,0,0,12,64.0,1.0,NCL,general,0.0008683022846094
147,23679,4414,1048575,0.9899676237184808,0,0,0,0,12,64.0,1.0,NGCF,general,0.0005805171640814
148,23679,4414,1048575,0.9899676237184808,0,0,0,0,4,16.0,0.0,NGCF,general,0.0254078243583991
149,23679,4414,1048575,0.9899676237184808,0,0,0,0,12,64.0,1.0,NeuMF,general,0.0003884420283674
150,23679,4414,1048575,0.9899676237184808,0,0,0,0,4,16.0,0.0,NeuMF,general,0.0215197226620235
151,23679,4414,1048575,0.9899676237184808,0,0,0,0,12,64.0,1.0,Pop,general,1.6553040808296438e-05
152,23679,4414,1048575,0.9899676237184808,0,0,0,0,4,16.0,0.0,Pop,general,0.000485506905609
153,23679,4414,1048575,0.9899676237184808,0,0,0,0,12,64.0,1.0,Random,general,1.8998453991459423e-05
154,23679,4414,1048575,0.9899676237184808,0,0,0,0,4,16.0,0.0,Random,general,0.0004991012969557
155,23679,4414,1048575,0.9899676237184808,0,0,0,0,12,64.0,1.0,RecVAE,general,0.0001566000411879
156,23679,4414,1048575,0.9899676237184808,0,0,0,0,4,16.0,0.0,RecVAE,general,0.007060183752664
157,23679,4414,1048575,0.9899676237184808,0,0,0,0,12,64.0,1.0,SGL,general,0.0015489201614745
158,23679,4414,1048575,0.9899676237184808,0,0,0,0,4,16.0,0.0,SGL,general,0.0456820151245657
159,23679,4414,1048575,0.9899676237184808,0,0,0,0,4,16.0,0.0,SLIMElastic,general,0.0049969795547918
160,23679,4414,1048575,0.9899676237184808,0,0,0,0,12,64.0,1.0,SimpleX,general,0.0001443816044933
161,23679,4414,1048575,0.9899676237184808,0,0,0,0,4,16.0,0.0,SimpleX,general,0.0045073679450065
162,23679,4414,1048575,0.9899676237184808,0,0,0,0,12,64.0,1.0,SpectralCF,general,0.000672918639904
163,23679,4414,1048575,0.9899676237184808,0,0,0,0,4,16.0,0.0,SpectralCF,general,0.016459700262951
164,23679,4414,1048575,0.9899676237184808,0,0,0,0,4,27.40581512451172,1.0,SpectralCF,general,0.0098821919181708
165,50000,10000,7053774,0.985892452,175646,31,521125,10601,4,27.40580368041992,1.0,BPR,general,0.0461818839633063
166,50000,10000,7053774,0.985892452,175646,31,521125,10601,4,27.40580368041992,1.0,CFKG,knowledge,0.0477552331907504
167,50000,10000,7053774,0.985892452,175646,31,521125,10601,4,27.40580368041992,1.0,CKE,knowledge,0.0892782997452281
168,50000,10000,7053774,0.985892452,175646,31,521125,10601,4,27.40580368041992,1.0,DMF,general,0.0441614840268676
169,50000,10000,7053774,0.985892452,175646,31,521125,10601,4,27.40580368041992,1.0,ItemKNN,general,0.0062963690770045
170,50000,10000,7053774,0.985892452,175646,31,521125,10601,4,27.40580368041992,1.0,LINE,general,0.0238154082688136
171,50000,10000,7053774,0.985892452,175646,31,521125,10601,4,27.40580368041992,1.0,MultiDAE,general,0.0612132356047295
172,6040,3706,1000209,0.9553163743776872,79347,49,385923,3655,4,16.0,0.0,ADMMSLIM,general,0.0012772226795018
173,6040,3706,1000209,0.9553163743776872,79347,49,385923,3655,12,64.0,1.0,BPR,general,2.730507012954465e-05
174,6040,3706,1000209,0.9553163743776872,79347,49,385923,3655,4,16.0,0.0,BPR,general,0.0007397471738465
175,6040,3706,1000209,0.9553163743776872,79347,49,385923,3655,4,27.40581512451172,1.0,BPR,general,0.0011872896418289
176,6040,3706,1000209,0.9553163743776872,79347,49,385923,3655,12,64.0,1.0,CDAE,general,1.886185617431386e-05
177,6040,3706,1000209,0.9553163743776872,79347,49,385923,3655,4,16.0,0.0,CDAE,general,0.0006456795508018
178,6040,3706,1000209,0.9553163743776872,79347,49,385923,3655,12,64.0,1.0,CFKG,knowledge,9.617732324847907e-05
179,6040,3706,1000209,0.9553163743776872,79347,49,385923,3655,4,16.0,0.0,CFKG,knowledge,0.0041409324782106
180,6040,3706,1000209,0.9553163743776872,79347,49,385923,3655,4,27.40581512451172,1.0,CFKG,knowledge,0.0016808880077835
181,6040,3706,1000209,0.9553163743776872,79347,49,385923,3655,12,64.0,1.0,CKE,knowledge,0.0002230861161952
182,6040,3706,1000209,0.9553163743776872,79347,49,385923,3655,4,16.0,0.0,CKE,knowledge,0.0107805984921966
183,6040,3706,1000209,0.9553163743776872,79347,49,385923,3655,4,27.40581512451172,1.0,CKE,knowledge,0.0020655061053556
184,6040,3706,1000209,0.9553163743776872,79347,49,385923,3655,12,64.0,1.0,ConvNCF,general,0.0113202596494965
185,6040,3706,1000209,0.9553163743776872,79347,49,385923,3655,12,64.0,1.0,DGCF,general,0.0083216615633584
186,6040,3706,1000209,0.9553163743776872,79347,49,385923,3655,12,64.0,1.0,DMF,general,0.0002265545934736
187,6040,3706,1000209,0.9553163743776872,79347,49,385923,3655,4,27.40581512451172,1.0,DMF,general,0.001998107935524
188,6040,3706,1000209,0.9553163743776872,79347,49,385923,3655,12,64.0,1.0,DiffRec,general,4.72612327812464e-05
189,6040,3706,1000209,0.9553163743776872,79347,49,385923,3655,4,16.0,0.0,DiffRec,general,0.002014632409835
190,6040,3706,1000209,0.9553163743776872,79347,49,385923,3655,12,64.0,1.0,EASE,general,7.696134109759773e-07
191,6040,3706,1000209,0.9553163743776872,79347,49,385923,3655,4,16.0,0.0,EASE,general,0.0001616928828737
192,6040,3706,1000209,0.9553163743776872,79347,49,385923,3655,12,64.0,1.0,ENMF,general,2.620480647359417e-05
193,6040,3706,1000209,0.9553163743776872,79347,49,385923,3655,4,16.0,0.0,ENMF,general,0.0012524209394646
194,6040,3706,1000209,0.9553163743776872,79347,49,385923,3655,12,64.0,1.0,FISM,general,0.0013557740168752
195,6040,3706,1000209,0.9553163743776872,79347,49,385923,3655,4,16.0,0.0,FISM,general,0.0824741627779437
196,6040,3706,1000209,0.9553163743776872,79347,49,385923,3655,4,27.40581512451172,1.0,FISM,general,0.0073960062726063
197,6040,3706,1000209,0.9553163743776872,79347,49,385923,3655,12,64.0,1.0,GCMC,general,0.0039955913776321
198,6040,3706,1000209,0.9553163743776872,79347,49,385923,3655,4,16.0,0.0,GCMC,general,0.0850759430617105
199,6040,3706,1000209,0.9553163743776872,79347,49,385923,3655,12,64.0,1.0,ItemKNN,general,1.3635957754826604e-05
200,6040,3706,1000209,0.9553163743776872,79347,49,385923,3655,4,16.0,0.0,ItemKNN,general,0.0002843587192332
201,6040,3706,1000209,0.9553163743776872,79347,49,385923,3655,4,27.40581512451172,1.0,ItemKNN,general,0.0005498357575532
202,6040,3706,1000209,0.9553163743776872,79347,49,385923,3655,12,64.0,1.0,KGCN,knowledge,0.0002269025303642
203,6040,3706,1000209,0.9553163743776872,79347,49,385923,3655,4,16.0,0.0,KGCN,knowledge,0.0125717935333115
204,6040,3706,1000209,0.9553163743776872,79347,49,385923,3655,12,64.0,1.0,KGIN,knowledge,3.528611894318703e-07
205,6040,3706,1000209,0.9553163743776872,79347,49,385923,3655,12,64.0,1.0,KGIN,knowledge,0.0009001714863357
206,6040,3706,1000209,0.9553163743776872,79347,49,385923,3655,12,64.0,1.0,KGNNLS,knowledge,0.0002426303613874
207,6040,3706,1000209,0.9553163743776872,79347,49,385923,3655,4,16.0,0.0,KGNNLS,knowledge,0.0090172590520602
208,6040,3706,1000209,0.9553163743776872,79347,49,385923,3655,4,27.40581512451172,1.0,KGNNLS,knowledge,0.0031229942131827
209,6040,3706,1000209,0.9553163743776872,79347,49,385923,3655,12,64.0,1.0,KTUP,knowledge,0.0002121586159683
210,6040,3706,1000209,0.9553163743776872,79347,49,385923,3655,4,16.0,0.0,KTUP,knowledge,0.0042922716453574
211,6040,3706,1000209,0.9553163743776872,79347,49,385923,3655,12,64.0,1.0,LDiffRec,general,3.415837012941496e-05
212,6040,3706,1000209,0.9553163743776872,79347,49,385923,3655,4,16.0,0.0,LDiffRec,general,0.0015655309864936
213,6040,3706,1000209,0.9553163743776872,79347,49,385923,3655,12,64.0,1.0,LINE,general,2.988506125895075e-05
214,6040,3706,1000209,0.9553163743776872,79347,49,385923,3655,4,16.0,0.0,LINE,general,0.0009542910479927
215,6040,3706,1000209,0.9553163743776872,79347,49,385923,3655,4,27.40581512451172,1.0,LINE,general,0.0012333895610152
216,6040,3706,1000209,0.9553163743776872,79347,49,385923,3655,12,64.0,1.0,LightGCN,general,0.0002656440167365
217,6040,3706,1000209,0.9553163743776872,79347,49,385923,3655,4,16.0,0.0,LightGCN,general,0.0067021524192669
218,6040,3706,1000209,0.9553163743776872,79347,49,385923,3655,4,27.40581512451172,1.0,LightGCN,general,0.0032779082178161
219,6040,3706,1000209,0.9553163743776872,79347,49,385923,3655,12,64.0,1.0,MKR,knowledge,0.000884082383467
220,6040,3706,1000209,0.9553163743776872,79347,49,385923,3655,4,16.0,0.0,MKR,knowledge,0.0235264104678386
221,6040,3706,1000209,0.9553163743776872,79347,49,385923,3655,12,64.0,1.0,MacridVAE,general,9.6197769421943e-05
222,6040,3706,1000209,0.9553163743776872,79347,49,385923,3655,4,16.0,0.0,MacridVAE,general,0.0041533092844339
223,6040,3706,1000209,0.9553163743776872,79347,49,385923,3655,12,64.0,1.0,MultiDAE,general,2.3703986344794425e-05
224,6040,3706,1000209,0.9553163743776872,79347,49,385923,3655,4,16.0,0.0,MultiDAE,general,0.0011070434828315
225,6040,3706,1000209,0.9553163743776872,79347,49,385923,3655,4,27.40581512451172,1.0,MultiDAE,general,0.0012502482765198
226,6040,3706,1000209,0.9553163743776872,79347,49,385923,3655,12,64.0,1.0,MultiVAE,general,1.75123041169957e-05
227,6040,3706,1000209,0.9553163743776872,79347,49,385923,3655,4,16.0,0.0,MultiVAE,general,0.001511211834572
228,6040,3706,1000209,0.9553163743776872,79347,49,385923,3655,12,64.0,1.0,NAIS,general,0.0064888155617494
229,6040,3706,1000209,0.9553163743776872,79347,49,385923,3655,12,64.0,1.0,NCEPLRec,general,2.181387774802802e-05
230,6040,3706,1000209,0.9553163743776872,79347,49,385923,3655,4,16.0,0.0,NCEPLRec,general,0.000869290275862
231,6040,3706,1000209,0.9553163743776872,79347,49,385923,3655,12,64.0,1.0,NCL,general,1.7171839942636644e-07
232,6040,3706,1000209,0.9553163743776872,79347,49,385923,3655,12,64.0,1.0,NCL,general,0.0005331058536189
233,6040,3706,1000209,0.9553163743776872,79347,49,385923,3655,12,64.0,1.0,NGCF,general,0.0004056488943194
234,6040,3706,1000209,0.9553163743776872,79347,49,385923,3655,4,16.0,0.0,NGCF,general,0.0116710025196184
235,6040,3706,1000209,0.9553163743776872,79347,49,385923,3655,12,64.0,1.0,NNCF,general,0.0195372344121278
236,6040,3706,1000209,0.9553163743776872,79347,49,385923,3655,12,64.0,1.0,NeuMF,general,0.0001063340974005
237,6040,3706,1000209,0.9553163743776872,79347,49,385923,3655,4,16.0,0.0,NeuMF,general,0.0029138749130694
238,6040,3706,1000209,0.9553163743776872,79347,49,385923,3655,12,64.0,1.0,Pop,general,5.986495389226874e-07
239,6040,3706,1000209,0.9553163743776872,79347,49,385923,3655,4,16.0,0.0,Pop,general,0.00018088501885
240,6040,3706,1000209,0.9553163743776872,79347,49,385923,3655,12,64.0,1.0,Random,general,3.67251554558688e-07
241,6040,3706,1000209,0.9553163743776872,79347,49,385923,3655,4,16.0,0.0,Random,general,0.0002053629495037
242,6040,3706,1000209,0.9553163743776872,79347,49,385923,3655,12,64.0,1.0,RecVAE,general,4.255881072450221e-05
243,6040,3706,1000209,0.9553163743776872,79347,49,385923,3655,4,16.0,0.0,RecVAE,general,0.0019339048033318
244,6040,3706,1000209,0.9553163743776872,79347,49,385923,3655,12,64.0,1.0,RippleNet,knowledge,0.0070052655217811
245,6040,3706,1000209,0.9553163743776872,79347,49,385923,3655,12,64.0,1.0,SGL,general,0.0011268025702852
246,6040,3706,1000209,0.9553163743776872,79347,49,385923,3655,4,16.0,0.0,SGL,general,0.0376178660934144
247,6040,3706,1000209,0.9553163743776872,79347,49,385923,3655,12,64.0,1.0,SLIMElastic,general,5.507114053409837e-05
248,6040,3706,1000209,0.9553163743776872,79347,49,385923,3655,4,16.0,0.0,SLIMElastic,general,0.0027974777068412
249,6040,3706,1000209,0.9553163743776872,79347,49,385923,3655,12,64.0,1.0,SimpleX,general,6.097554885346136e-05
250,6040,3706,1000209,0.9553163743776872,79347,49,385923,3655,4,16.0,0.0,SimpleX,general,0.0026994455166009
251,6040,3706,1000209,0.9553163743776872,79347,49,385923,3655,12,64.0,1.0,SpectralCF,general,0.0004878114891293
252,6040,3706,1000209,0.9553163743776872,79347,49,385923,3655,4,16.0,0.0,SpectralCF,general,0.0142429652508708
253,6040,3706,1000209,0.9553163743776872,79347,49,385923,3655,4,27.40581512451172,1.0,SpectralCF,general,0.0056326506480432
